{
  "project_info": {
    "project_number": "811465923051",
    "project_id": "thejo123",
    "storage_bucket": "thejo123.appspot.com"
  },
  "client": [
    {
      "client_info": {
        "mobilesdk_app_id": "1:811465923051:android:6cd795ecdc549a1a7a21ae",
        "android_client_info": {
          "package_name": "com.tech4lyf.thejo_client"
        }
      },
      "oauth_client": [],
      "api_key": [
        {
          "current_key": "AIzaSyBDRlNenvg_Qf_UilccxnXqzbIHPBx1KA4"
        }
      ],
      "services": {
        "appinvite_service": {
          "other_platform_oauth_client": []
        }
      }
    }
  ],
  "configuration_version": "1"
}